,cumulative_return,annualized_return,annualized_volatility,sharpe_ratio,sortino_ratio,max_drawdown,calmar_ratio
BuyHold BTC/USDT,5.357616862503214,1.149953507910404,0.48830958789363277,1.810572896927702,2.9582212422505676,-0.28095276766937455,4.09304922478525
SMA-net BTC/USDT,0.7597130639922329,0.2634898110116115,0.36143778329844445,0.8260784240295556,1.297465989207633,-0.3871417617381497,0.6806029135906748
Agent BTC/USDT,2.0214985742470017,0.5802707057038521,0.2924606668109609,1.7107474747301956,2.773370533856841,-0.21592835603446764,2.6873297993859877
BuyHold ETH/USDT,1.1154089674592167,0.36351103124490924,0.621894905357171,0.8053528156364506,1.2465001451472688,-0.6375196811651251,0.5701957790237312
SMA-net ETH/USDT,0.5136674732332687,0.18714128585754075,0.3888746894426412,0.6332135472033542,0.9964219601951501,-0.3854109237147514,0.4855630039070894
Agent ETH/USDT,0.8309308380438745,0.28440535173858295,0.3567990965800827,0.8771995364954024,1.4221710572532533,-0.36183609743783707,0.7860060224849275
